brand,description,num_reviews,price,rating,title
Visit the Apple Store,"Gorgeous 10.2-inch Retina display,A12 Bionic chip with Neural Engine,Support for Apple Pencil (1st generation) and Smart Keyboard,8MP back camera, 1.2MP FaceTime HD front camera,Stereo speakers,802.11ac Wi-Fi,Up to 10 hours of battery life,Lightning connector for charging and accessories,Touch ID for secure authentication and Apple Pay,iPadOS brings new capabilities designed specifically for iPad","1,220 ratings",$399.00,4.8 out of 5 stars,"New Apple iPad (10.2-inch, Wi-Fi, 128GB) - Gold (Latest Model, 8th Generation)"
Brand: MEBERRY,",,Make sure this fits,,by entering your model number.,,,【PACKAGE INCLUDES】 M7 tablet | Case for tablet 2-1 | Bluetooth keyboard | 2.4G wireless mouse | Type-C to USB Adapter | Protective film | Capacitive pen | Instruction manual | USA standard charger | Type C Data Cable - MEBERRY M7Android Tablet is the best gift for your lover,【ANDROID 10.0 4 GB RAM】 MEBERRY 10.1-inch tablet with integrated 4 GB operating memory and 64 GB storage memory - up to 128 GB (4--128 GB, applicable), screen resolution 1280x800 IPS and support 8000 mAh battery 7-8 hours video playback (720P and 1080P); 5.0 + 8.0 MP camera support, tablet with dual stereo speakers and fast-transmitting Type C data interface support, TF Carc | WIFI | GPS accurate | Bluetooth 4.0 support,【MORE SUPPORT】 Our tablet is sold in a multi-accessory combination, so that customers can use it anywhere. The MEBERRY tablet is equipped with the Android 9.0 Pie system. With GOOGLE GMS certification, we can freely download any APP in the GOOGLE store, games, music, beauty, email, weather, social apps and more: Netflix support,【OTHER NEEDS】 This Android tablet is equipped with a powerful octa-core processor and has an energy saving of 30 days on standby; at the same time, the tablet can easily perform multiple functions simultaneously without being locked, you can connect to the keyboard via Bluetooth and other devices, faster and easier. With the Type-c adapter, you can easily use the wireless mouse to make the tablet fast and fluid,【ELEGANT & REFINED DESIGN】 Comes from MEBERRY design - black and gray metal back design makes the product stand out everywhere; black screen border design is more suitable for business and gift purposes. Lightweight and comfortable handle (9mm thin), you can take it with you (tourism, work, coffee pipe, library, etc.) It is a perfect tablet.You can use GOOGLE GPS, which is a good navigator",312 ratings,$149.99,4.7 out of 5 stars,"Android 10.0 Tablet : MEBERRY 10"" Ultra-Fast 4GB/RAM,64GB/ROM Tablets-8000mAh Battery-WiFi Support - Bluetooth Keyboard | Mouse | M7 Tablet Cover and More Include - Blue"
Visit the vankyo Store,",,Make sure this fits,,by entering your model number.,,,Higher performance: Packed with a powerful and robust Quad-core and 2GB RAM, your MatrixPad S10 is faster and more responsive than the 2019 edition, delivering quick app launches, smooth light games and videos, and great overall performance. Running the native Android 9.0 Pie, the 10 inch android tablet is loaded with basic Google apps only and without bloatware.,Crisp and clear IPS display: The 10 inch tablet adopts a 1280 x 800 IPS display, presenting a bright display with vivid colors for a more true-to-life viewing experience from all angles. Enjoy immersive reading with read mode on the big display and watch comfortably at night with Eye Health, an extra feature that automatically adjusts and optimizes the backlight to reduce eyestrain.,Portable tablet with dual speakers: The 10 inch tablet comes with 2 front box speakers, which produce robust and spacious sound for your favourite music, games and videos. At just over a pound, it's so mobile that you could use it around the house or take it anywhere.,32GB ROM with expandable memory: The tablet offers 32GB of onboard memory and includes a microSD card slot (microSD card sold separately) that allows you to add up to an additional 128GB of memory, keep all your favorite media with you wherever you go, such as eBooks, songs, videos, photos, music, etc.,Long lasting entertainment: VANKYO MatrixPad S10 is equipped with a solid 6000mAh battery. Enjoy downloaded content on the go with up to 8 hours of mixed-use battery life. You can watch movie, listen to music, play games, surf the Internet, read e-Books, etc. Charge it via USB C port.",920 ratings,$99.96,4.5 out of 5 stars,"VANKYO MatrixPad S10 10 inch Tablet, 2 GB RAM, 32 GB Storage, Quad-Core Processor, Android OS, 10.1"" IPS HD Display, Wi-Fi, USB Type C Port, GPS, FM, Slate Black"
Visit the Dragon Touch Store,",,Make sure this fits,,by entering your model number.,,,Dragon Touch Tablet 2019 Edition: The Dragon Touch K10 features a brilliant 10” display and Android 8.1 Oreo OS, brings all you need for entertainment with a visual feast and fast operation. Easily browsing online and download whatever you want, such as Youtube, Netflix, Instagram and any other games.,Full-featured Tablet: Do what you like to do, Dragon Touch K10 10.1-inch tablet would satisfy you with providing a long-lasting reading and watching times. More songs, e-books, pictures and videos will be saved right on your tablet thanks to 128 GB expandable storage. And other features would contribute as well, such as FM, GPS, BT 4.0 and so on.,Brilliant HD Display: The 10-inch HD IPS Display with 1280*800 Resolution that stays clear in any light. Sharing the big screen with families in any angle for hands-free. It also has a micro HDMI interface for syncing the tablet movies and videos to TV. Both charging and data transmission would be supported via micro USB.,Store More Pictures and Videos: The Dragon Touch K10 tablet comes with 16GB of internal storage, expandable storage to 128 GB. The big storage will satisfy your daily requirements for working and learning.,Entertainment for You Anywhere: Easily get more entertainment on this tablet. The tablet also supports to download Apps from Google Play thanks to GMS certified from Google and a native Android operating system preloaded.","4,311 ratings",$99.99,4.5 out of 5 stars,"Dragon Touch K10 Tablet, 10 inch Android Tablet with 16 GB Quad Core Processor, 1280x800 IPS HD Display, Micro HDMI, GPS, FM, 5G WiFi (Silver)"
Visit the vankyo Store,",,Make sure this fits,,by entering your model number.,,,Faster and More responsive: Equipped with the powerful and energy-saving Quad-core processor 1.3GHz and 2 GB RAM, your MatrixPad S7 tablet enables quick app launches, smooth videos and great overall performance. It's 50% faster than the 2019 edition.,Native and latest Android OS - Android 9.0 Pie: The GMS Certified MatrixPad S7 runs the latest Android operating system, Android Pie, with basic Google apps already on and without bloatware. Get rid of unexpected ads and download apps from Google Play, such as SKYGO, NetFlix, YouTube and more.,Rich and Colorful Display: MatrixPad S7 features a 1024 x 600 IPS display and a bright, vivid picture. Enjoy movies and games in a crisp, clear HD resolution, with less glare and more brightness. Read comfortably at night with Eye Health, an extra feature that automatically adjusts and optimizes the backlight for a more comfortable nighttime reading experience.,Portable and long lasting fun: The solid 2900mAh battery enables up to 8 hours' mixed use of reading, watching TV shows, surfing the web, playing light games, etc. At just over a pound, take it anywhere with you watching videos, reading, video calling, or taking photos., it's more portable than ever.,Large enough for entertainment：The tablet offers 32GB of onboard memory and includes a microSD card slot (microSD card sold separately) that allows you to add up to an additional 128GB of memory, making it easy to store eBooks, songs, videos, photos, music, and other files.","1,694 ratings",$74.99,4.4 out of 5 stars,"VANKYO MatrixPad S7 7 inch Tablet, Android 9.0 Pie, 2GB RAM, 32GB Storage, 5MP Rear Camera, Quad-Core, IPS HD Display, FM, GPS, Wi-Fi Only, Pink"
Visit the Samsung Electronics Store,",,Make sure this fits,,by entering your model number.,,,PC PERFORMANCE. TABLET PORTABILITY: Transform your tablet into a PC experience with DeX mode and the optional keyboard(1) with expanded trackpad. (1)Sold separately.,ENTERTAINMENT, UPGRADED: Experience cinematic viewing in your hands with larger edge-to-edge displays, sAMOLEDTM screen(2) and quad speakers tuned by AKG with Dolby Atmos surround sound. (2)Tab S7 11” screen is a TFT LCD screen.,REDESIGNED S PEN INCLUDED: With improved 9ms pen latency, the redesigned S Pen can control presentations, take notes and mark up papers effortlessly.,CHANGE THE WAY YOU GAME: Bring console gaming to anywhere a Wi-Fi connection is available with an immersive screen and Bluetooth-enabled controller(3). (3)Controller sold separately.,CHARGE FAST. POWER FOR HOURS: Go for hours on a single charge,(4) and back to 100% with the fast-charging USB-C port. (4)Battery life may vary depending on network environment, usage patterns and other factors.,CAPTURE AND CONNECT: Stunning brightness and clarity with the wide 13MP and ultra-wide 5MP dual back, and 8MP front-facing cameras.,ALWAYS IN SYNC: Use your Galaxy Tab S7 | S7+ as a hotspot, a second screen or a hyper-efficient vehicle for sharing ideas and content.,SAY NETFLIX. START STREAMING “Hi Bixby. Begin streaming.” Netflix now supports Bixby voice, so you can start streaming instantly with voice command(5). (5) Netflix streaming membership required. The Netflix app and content availability may vary by country.",147 ratings,$579.99,out of 5 stars,"Samsung Electronics Galaxy Tab S7 Wi-Fi, Mystic Black - 256 GB"
Visit the Samsung Electronics Store,",,Make sure this fits,,by entering your model number.,,,PC PERFORMANCE. TABLET PORTABILITY: Transform your tablet into a PC experience with DeX mode and the optional keyboard¹ with expanded trackpad.,ENTERTAINMENT, UPGRADED: Experience cinematic viewing in your hands with larger edge-to-edge displays, sAMOLEDTM screen² and quad speakers tuned by AKG with Dolby Atmos surround sound.,REDESIGNED S PEN INCLUDED: With improved 9ms pen latency, the redesigned S Pen can control presentations, take notes and mark up papers effortlessly.,CHANGE THE WAY YOU GAME: Bring console gaming to anywhere a Wi-Fi connection is available with an immersive screen and Bluetooth-enabled controller.³,CHARGE FAST. POWER FOR HOURS: Go for hours on a single charge,⁴ and back to 100% with the fast-charging USB-C port. CAPTURE AND CONNECT: Stunning brightness and clarity with the wide 13MP and ultra-wide 5MP dual back, and 8MP front-facing cameras.,CAPTURE AND CONNECT: Stunning brightness and clarity with the wide 13MP and ultra-wide 5MP dual back, and 8MP front-facing cameras.,ALWAYS IN SYNC: Use your Galaxy Tab S7 | S7+ as a hotspot, a second screen or a hyper-efficient vehicle for sharing ideas and content.,SAY NETFLIX. START STREAMING “Hi Bixby. Begin streaming.” Netflix now supports Bixby voice, so you can start streaming instantly with voice command⁵.,¹Sold separately. ²Tab S7 11” screen is a TFT LCD screen. ³Controller sold separately. ⁴Battery life may vary depending on network environment, usage patterns and other factors. ⁵Netflix streaming membership required. The Netflix app and content availability may vary by country",49 ratings,$749.99,out of 5 stars,"Samsung Galaxy Tab S7+ Wi-Fi, Mystic Black - 128 GB"
Visit the Samsung Electronics Store,",,Make sure this fits,,by entering your model number.,,,The included S Pen makes it easier than ever to write notes and personalize photos and videos, all without needing to charge. The S Pen attaches magnetically right to your tablet so you can quickly put it down and pick it back up without losing it.,Slim Metal Design: Take this sleek, lightweight tablet anywhere. Its slim design slips right into your bag and comes in your choice of stylish colors.,Entertainment Ready: A vivid, crystal clear display draws you into content while dual speakers with sound by AKG supply spacious, Dolby Atmos surround sound.,Long-lasting Battery: A long-lasting battery lets you stream for up to 13 hours (Battery power consumption depends on usage patterns. Results may vary) on a single charge. The fast-charging USB-C port allows you to quickly get back to where you left off when you need to recharge.,Expandable Memory: Store all of your content with built-in 64/128GB internal memory. Expand your storage space anytime up to 1TB with a microSD card (Sold separately. Portion of internal memory occupied by existing content) .",336 ratings,$249.99,4.6 out of 5 stars,"Samsung Galaxy Tab S6 Lite 10.4"", 64GB WiFi Tablet Angora Blue - SM-P610NZBAXAR - S Pen Included"
Visit the Lenovo Store,",,Make sure this fits,,by entering your model number.,,,Premium look & feel with metal back cover and slim, narrow bezels. Enjoy your favorite videos on the 10.3"" FHD display with TDDI technology,Fast and powerful Octa-Core processor with up to 2.3 GHz main frequency for quick performance,Never miss a moment with 8 MP rear + 5 MP front cameras, dual microphones, and 2 side speakers tuned with Dopoundsy Atmos,Kid's mode includes dedicated content for kids, with parent control and specialized eye protection. Bumpy environment and posture alerts also available,Stay connected with Wi-Fi 802.11 a/b/g/n/ac, 2.4 GHz & 5 GHz Dual Band, and Bluetooth 5.0","1,574 ratings",$199.99,4.5 out of 5 stars,"Lenovo Tab M10 Plus, 10.3"" FHD Android Tablet, Octa-Core Processor, 64GB Storage, 4GB RAM, Iron Grey, ZA5T0300US"
Brand: Amazon,"Save up to $99 on a full-featured Fire HD 10 tablet (not a toy), 1 year of Amazon Kids+ (FreeTime Unlimited), a Kid-Proof Case with built-in stand, and 2-year worry-free guarantee ─ versus items purchased separately.,2-year worry-free guarantee: if it breaks, return it and we'll replace it for free.,The included 1 year of Amazon Kids+ gives your kids access to over 20,000 apps, games, books, videos, Audible books, and educational content from PBS Kids, Nickelodeon, Disney, and more. Your subscription will then automatically renew every month starting at just $2.99 per month plus applicable tax. You may cancel at any time by visiting the Amazon Parent Dashboard or contacting Customer Service.,Over 20 million kids (and their parents) have enjoyed the award-winning Amazon Kids (FreeTime) service. Amazon Kids parental controls allow you to set educational goals, create time limits, and filter content.,Stream through Wi-Fi or view downloaded content on the go with 32 GB of internal storage and up to 12 hours of reading, browsing the web, watching video, and listening to music. Add a microSD card for up to 512 GB of additional storage.,Now with USB-C and faster charging. Includes a USB-C cable & 9W power adapter in the box.,Amazon Kids+ includes thousands of Spanish language books, videos, apps, games, and Audible books.","12,507 ratings",$199.99,4.7 out of 5 stars,"Fire HD 10 Kids Edition Tablet – 10.1” 1080p full HD display, 32 GB, Blue Kid-Proof Case"
Visit the Lenovo Store,",,Make sure this fits,,by entering your model number.,,,Stunning performance and stylish design combine in this quick, powerful Android tablet, powered by a Quad-Core, 2.0 GHz processor and Android 9 Pie,The modern, refined look and feel are accentuated by the full metal cover and 82% panel-to-body ratio,The stunning 8"" HD (1280 x 800) display brings you a crisper and brighter image, so you can watch your favorite movies and shows without missing a detail,Stay connected with built-in Bluetooth 5.0 and WiFi 802.11 a/b/g/n/ac (2.4/5 GHz), and capture the moment with front and rear cameras,Long-life battery – watch or browse all day long without the need to recharge with 5000 mAh battery capacity",507 ratings,$89.99,4.3 out of 5 stars,"Lenovo Tab M8 Tablet, 8"" HD Android Tablet, Quad-Core Processor, 2GHz, 16GB Storage, Full Metal Cover, Long Battery Life, Android 9 Pie, ZA5G0102US, Slate Black"
Brand: Amazon,"7"" IPS display; 16 or 32 GB of internal storage (add up to 512 GB with microSD),Faster 1.3 GHz quad-core processor,Up to 7 hours of reading, browsing the web, watching video, and listening to music,Hands-free with Alexa, including on/off toggle,1 GB of RAM,2 MP front and rear-facing cameras with 720p HD video recording,Dual-band Wi-Fi,90-day limited warranty,Enjoy millions of movies, TV episodes, songs, books, apps, and games","109,716 ratings",$49.99,4.4 out of 5 stars,"Fire 7 tablet (7"" display, 16 GB) - Sage"
Visit the Dragon Touch Store,",,Make sure this fits,,by entering your model number.,,,Dragon Touch 10 inch Tablet: The Dragon Touch K10 features a brilliant 10” display and Android 8.1 Oreo OS, brings all you need for entertainment with a visual feast and fast operation. Easily browsing online and download whatever you want, such as Youtube, Netflix, Instagram and any other games.,Full-featured Tablet: Do what you like to do, Dragon Touch K10 10.1-inch tablet would satisfy you with providing a long-lasting reading and watching times. More songs, e-books, pictures and videos will be saved right on your tablet thanks to 128 GB expandable storage. And other features would contribute as well, such as FM, GPS, BT 4.0 and so on.,Brilliant HD Display: The 10-inch HD IPS Display with 1280*800 Resolution that stays clear in any light. Sharing the big screen with families in any angle for hands-free. It also has a micro HDMI interface for syncing the tablet movies and videos to TV. Both charging and data transmission would be supported via micro USB.,Store More Pictures and Videos: The Dragon Touch K10 tablet comes with 16GB of internal storage, expandable storage to 128 GB. The big storage will satisfy your daily requirements for working and learning.,Entertainment for You Anywhere: Easily get more entertainment on this tablet. The tablet also supports to download Apps from Google Play thanks to GMS certified from Google and a native Android operating system preloaded.","2,088 ratings",$99.99,4.5 out of 5 stars,"Dragon Touch K10 Tablet, 10 inch Android Tablet with 16 GB Quad Core Processor, 1280x800 IPS HD Display, Micro HDMI, GPS, FM, 5G WiFi, Black Metal Body"
Visit the Samsung Electronics Store,",,Make sure this fits,,by entering your model number.,,,PC PERFORMANCE. TABLET PORTABILITY: Transform your tablet into a PC experience with DeX mode and the optional keyboard¹ with expanded trackpad.,ENTERTAINMENT, UPGRADED: Experience cinematic viewing in your hands with larger edge-to-edge displays, sAMOLEDTM screen² and quad speakers tuned by AKG with Dolby Atmos surround sound.,REDESIGNED S PEN INCLUDED: With improved 9ms pen latency, the redesigned S Pen can control presentations, take notes and mark up papers effortlessly.,CHANGE THE WAY YOU GAME: Bring console gaming to anywhere a Wi-Fi connection is available with an immersive screen and Bluetooth-enabled controller.³,CHARGE FAST. POWER FOR HOURS: Go for hours on a single charge,⁴ and back to 100% with the fast-charging USB-C port. CAPTURE AND CONNECT: Stunning brightness and clarity with the wide 13MP and ultra-wide 5MP dual back, and 8MP front-facing cameras.,CAPTURE AND CONNECT: Stunning brightness and clarity with the wide 13MP and ultra-wide 5MP dual back, and 8MP front-facing cameras.,ALWAYS IN SYNC: Use your Galaxy Tab S7 | S7+ as a hotspot, a second screen or a hyper-efficient vehicle for sharing ideas and content.,SAY NETFLIX. START STREAMING “Hi Bixby. Begin streaming.” Netflix now supports Bixby voice, so you can start streaming instantly with voice command⁵.,¹Sold separately. ²Tab S7 11” screen is a TFT LCD screen. ³Controller sold separately. ⁴Battery life may vary depending on network environment, usage patterns and other factors. ⁵Netflix streaming membership required. The Netflix app and content availability may vary by country",39 ratings,$779.99,out of 5 stars,"Samsung Galaxy Tab S7+ Wi-Fi, Mystic Black - 256 GB"
Brand: Amazon,"8"" HD display, 2X the storage (32 or 64 GB of internal storage and up to 1 TB with microSD card) + 3 GB RAM.,All-day battery life & wireless charging - Up to 12 hours of reading, browsing the web, watching videos, and listening to music.,Now with USB-C for easier charging. Fully charges in under 4 hours (with included cable and adapter).,30% faster thanks to the new 2.0 GHz quad-core processor.,Enjoy your favorite apps like Netflix, Facebook, Hulu, Instagram, TikTok, and more through Amazon’s Appstore (Google Play not supported).,Introducing Game Mode - A distraction-free and optimized gaming experience.,Hands-free with Alexa, including on/off toggle.,2 MP front- and rear-facing cameras with 720p HD video recording.,Dual-band, enhanced wifi.","6,845 ratings",$109.99,4.5 out of 5 stars,"All-new Fire HD 8 Plus tablet, HD display, 32 GB, our best 8"" tablet for portable entertainment, Slate"
Brand: Amazon,"Save up to $94.98 on a full-featured Fire HD 8 tablet (not a toy), 1 year of Amazon Kids+ (FreeTime Unlimited), a Kid-Proof Case with built-in stand, and 2-year worry-free guarantee, versus items purchased separately.,2-year worry-free guarantee: if it breaks, return it and we'll replace it for free.,The included 1 year of Amazon Kids+ gives your kids access to over 20,000 apps, games, books, videos, audiobooks, and educational content from PBS Kids, Nickelodeon, Disney, and more. Your subscription will then automatically renew every month starting at just $2.99 per month plus applicable tax. You may cancel at any time by visiting the Amazon Parent Dashboard or contacting Customer Service.,Over 20 million kids (and their parents) have enjoyed the award-winning Amazon Kids (FreeTime) service. Amazon Kids parental controls allow you to set educational goals, create time limits, and filter content.,Stream over wifi or view downloaded content on the go with 32 GB of internal storage and up to 12 hours of battery for reading, browsing the web, watching videos, and listening to music. Add a microSD card for up to 1 TB of additional storage.,Now with USB-C for easier charging. Includes a USB-C cable and 5W power adapter in the box.,Amazon Kids+ includes thousands of Spanish language books, videos, apps, games, and Audible books.","17,290 ratings",$139.99,4.7 out of 5 stars,"All-new Fire HD 8 Kids Edition tablet, 8"" HD display, 32 GB, Blue Kid-Proof Case"
Visit the Samsung Electronics Store,",,Make sure this fits,,by entering your model number.,,,The included S Pen makes it easier than ever to write notes and personalize photos and videos, all without needing to charge. The S Pen attaches magnetically right to your tablet so you can quickly put it down and pick it back up without losing it.,Slim Metal Design: Take this sleek, lightweight tablet anywhere. Its slim design slips right into your bag and comes in your choice of stylish colors.,Entertainment Ready: A vivid, crystal clear display draws you into content while dual speakers with sound by AKG supply spacious, Dolby Atmos surround sound.,Long-lasting Battery: A long-lasting battery lets you stream for up to 13 hours (Battery power consumption depends on usage patterns. Results may vary) on a single charge. The fast-charging USB-C port allows you to quickly get back to where you left off when you need to recharge.,Expandable Memory: Store all of your content with built-in 64/128GB internal memory. Expand your storage space anytime up to 1TB with a microSD card. (Sold separately. Portion of internal memory occupied by existing content).",798 ratings,$249.99,4.6 out of 5 stars,"Samsung Galaxy Tab S6 Lite 10.4"", 64GB WiFi Tablet Oxford Gray - SM-P610NZAAXAR - S Pen Included"
Visit the Dragon Touch Store,",,Make sure this fits,,by entering your model number.,,,[Strong and Powerful Performance]: Do what you like to do, Dragon Touch NotePad K10 Tablet features a powerful and strong 64-bit quad-core processor up to 1.3GHz with 2GB RAM, thus delivering quicker app launches, much smoother gameplay experience.,[Native and Latest Android OS]: The Dragon Touch NotePad K10 Tablet has been certified from GMS and features with the latest Android version-Android 9.0 Pie. Getting rid of unexpected ads and having full access to Google Play, it’s smarter, faster and better close to you.,[Better Display Wonderful Contents]: With a wide and stunning 800*1280 IPS display, which presents a bright display with more abundant colors and more delicate picture quality from all angles. To be more humane, NotePad K10 Tablet features Eye-Care mode, which automatically adjusts and optimizes the backlight. It makes you read comfortably at night.,[Ultimate Entertainment Experience]: The Dragon Touch NotePad K10 Tablet comes with dual speakers, providing a robust audio experience for your favorite music, videos, and games. Besides, Dual wifi mode provides two choices for network-2.4GHz & 5GHz. With high-speed network connections, you can browse, video chat, play games, watch movies or TV series, and so on freely.,[Sturdy Design, Large Storage]: The Dragon Touch NotePad K10 Tablet has a simple but also not simple design. The fashion, line-clear and slim metal body look more like artwork. Even so, it still has built-in 32GB storage and supports up to 128G micro SD card to expand the storage. You can download and keep your favorite books, songs, photos, movies, games and everything you like in this slim metal android tablet.","4,583 ratings",$119.99,4.5 out of 5 stars,"Dragon Touch Notepad K10 Tablet, 10 inch Android Tablet, 2GB RAM 32GB Storage, Quad-Core Processor, 10.1 IPS HD Display, Micro HDMI, Android 9.0 Pie, 5G WiFi, Metal Body Black"
Visit the Samsung Electronics Store,",,Make sure this fits,,by entering your model number.,,,Ultra light for on the go; Lighter than a pound, our slimmest tablet won't add weight to your load; Stream, browse and more on eye catching metal design,Crisp; Clear; Captivating; Get drawn in to the 10; 5 inches Super AMOLED display with an immersive 16: 10 ratio widescreen; Shows and movies come to life in true to life color and crisp, clear details,Smartly connected; Control all your connected devices from your tablet; Adjust lights, control your TV, lock doors and even adjust the thermostat; Plus, get the details If you get a security camera alert,Charge Fast and go; Get up to 15 hours of video on a full charge and power up quickly with fast charging,Get 4 months of ad free YouTube and YouTube music with your Samsung Galaxy device","1,976 ratings",$431.99,4.7 out of 5 stars,"Samsung Galaxy Tab S5e- 128GB, Wifi Tablet- SM-T720NZKLXAR Black"
Brand: Amazon,"8"" HD display, 2X the storage (32 or 64 GB of internal storage and up to 1 TB with microSD card) + 2 GB RAM.,All-day battery life - Up to 12 hours of reading, browsing the web, watching videos, and listening to music.,Now with USB-C for easier charging. Fully charges in under 5 hours (with included cable + adapter).,30% faster thanks to the new 2.0 GHz quad-core processor.,Enjoy your favorite apps like Netflix, Facebook, Hulu, Instagram, TikTok, and more through Amazon’s Appstore (Google Play not supported).,Introducing Game Mode - A distraction-free and optimized gaming experience.,Hands-free with Alexa, including on/off toggle.,2 MP front and rear-facing cameras with 720p HD video recording.,Dual-band, enhanced wifi.","29,541 ratings",$89.99,4.5 out of 5 stars,"All-new Fire HD 8 tablet, 8"" HD display, 32 GB, designed for portable entertainment, Black"
Brand: Amazon,"10.1"" 1080p full HD display; 32 or 64 GB of internal storage (add up to 512 GB with microSD),Now 30% faster thanks to the new 2.0 GHz octa-core processor and 2 GB of RAM,Longer battery life—Up to 12 hours of reading, browsing the web, watching video, and listening to music,Hands-free with Alexa, including on/off toggle,2 MP front and rear-facing cameras with 720p HD video recording,Dual-band, enhanced Wi-Fi,Now with USB-C and faster charging.  Includes a USB-C cable & 9W power adapter in the box.,1-year limited warranty,Enjoy millions of movies, TV episodes, songs, books, apps, and games,Picture-in-Picture viewing with Netflix, STARZ, Pinterest, MLB At Bat and more.","76,469 ratings",$149.99,4.6 out of 5 stars,"Fire HD 10 Tablet (10.1"" 1080p full HD display, 32 GB) – White"
Visit the Samsung Electronics Store,",,Make sure this fits,,by entering your model number.,,,The 2 in 1 that’s your all in one; Instantly transform your Android tablet into a PC desktop experience when you attach the keyboard1 with built in trackpad,Power to multitask; Thanks to the speed of the fast mobile processor, rapidly switch between apps and tasks or immerse yourself in graphic intensive games; Plus, get PC caliber internal RAM,All new S Pen included; Now the included S Pen lets you pause and skip at the press of the button; Plus, you can still mark up papers, sign docs and take notes; The S Pen even attaches magnetically for easy storage and charging,Light on weight; Heavy on entertainment; With a spectacular edge to edge Super Amoled display, superior graphics and quad speakers tuned by AKG, get drawn into immersive games all on a 2 in 1 that only weighs about a pound,More hours of power; With up to 15 hours 1 on a full charge, you can create and edit all day, plus enjoy continuous browsing and streaming; Then quickly recharge the Fast Charging battery. Bluetooth v5.0 (LE up to 2 Mbps),Disclaimer: 1Based on laboratory testing; Battery life depends on usage; 2 Compatible keyboard sold separately","2,602 ratings",$519.99,4.7 out of 5 stars,"Samsung Galaxy Tab S6- 10.5"" 128GB, Wifi Tablet - SM-T860NZBAXAR, Cloud Blue"
Visit the Samsung Electronics Store,",,Make sure this fits,,by entering your model number.,,,Minimum bezel. Maximum view: Designed with a minimized bezel, giving you more room to view your favorite content in a slim, comfortable form. The premium metallic finish and lightweight design make it easy to use around the house or on the go.,Entertainment-ready: An 8.0"" display immerses you in content, and dual speakers deliver spacious surround sound.,Binge-ready Battery: Browse, watch or shop for up to 13 hours on a full charge.,Room for everything: Keep your favorite songs, photos or videos, thanks to 32GB of built-in memory. Plus expand your storage up to 512GB anytime with a Micro SD card.","5,486 ratings",$99.99,4.6 out of 5 stars,"SAMSUNG SM-T290NZSAXAR, Galaxy Tab A 8.0"" 32 GB Wifi Tablet Silver 2019"
Visit the Samsung Electronics Store,",,Make sure this fits,,by entering your model number.,,,Minimal bezel. Maximum view. Watch, stream and browse on a 10.1"" Full HD corner-to-corner Display. The lightweight premium metal design goes anywhere you go.,Big sound for big entertainment. The perfect complement to a wide, immersive picture, Dolby Atmos Surround sound fills the room with cinematic clarity.,Binge-worthy Battery. Browse, watch Or shop for up to ten hours on a full charge; Bluetooth v5.0 (LE up to 2 Mbps),Room for everything. Never delete songs, photos or videos, thanks to ample built-in memory. Plus expand your storage up to 512GB anytime With a Micro SD card.","8,827 ratings",$206.68,4.7 out of 5 stars,"SAMSUNG SM-T510NZDFXAR Galaxy Tab A 10.1 64 GB Wifi Tablet, Silver, 2019"
Brand: Amazon,"10.1"" 1080p full HD display; 32 or 64 GB of internal storage (add up to 512 GB with microSD),Now 30% faster thanks to the new 2.0 GHz octa-core processor and 2 GB of RAM,Longer battery life—Up to 12 hours of reading, browsing the web, watching video, and listening to music,Hands-free with Alexa, including on/off toggle,2 MP front and rear-facing cameras with 720p HD video recording,Dual-band, enhanced Wi-Fi,Now with USB-C and faster charging.  Includes a USB-C cable & 9W power adapter in the box.,1-year limited warranty,Enjoy millions of movies, TV episodes, songs, books, apps, and games,Picture-in-Picture viewing with Netflix, STARZ, Pinterest, MLB At Bat and more.","76,469 ratings",$149.99,4.6 out of 5 stars,"Fire HD 10 Tablet (10.1"" 1080p full HD display, 32 GB) – Black"
